"","PUPIL","CLASS","POPULAR","SEX","T.EXP","FEMALE"
"1",1,1,8,1,24,TRUE
"2",2,1,7,0,24,FALSE
"3",3,1,7,1,24,TRUE
"4",4,1,9,1,24,TRUE
"5",5,1,8,1,24,TRUE
"6",6,1,7,0,24,FALSE
"7",7,1,7,0,24,FALSE
"8",8,1,7,0,24,FALSE
"9",9,1,7,0,24,FALSE
"10",10,1,8,0,24,FALSE
"11",11,1,8,1,24,TRUE
"12",12,1,7,1,24,TRUE
"13",13,1,7,0,24,FALSE
"14",14,1,7,1,24,TRUE
"15",15,1,9,1,24,TRUE
"16",16,1,7,1,24,TRUE
"17",17,1,9,0,24,FALSE
"18",18,1,7,0,24,FALSE
"19",19,1,8,1,24,TRUE
"20",20,1,7,0,24,FALSE
"21",1,2,5,1,14,TRUE
"22",2,2,4,0,14,FALSE
"23",3,2,4,0,14,FALSE
"24",4,2,5,1,14,TRUE
"25",5,2,4,1,14,TRUE
"26",6,2,4,0,14,FALSE
"27",7,2,4,1,14,TRUE
"28",8,2,3,0,14,FALSE
"29",9,2,4,1,14,TRUE
"30",10,2,5,1,14,TRUE
"31",11,2,4,1,14,TRUE
"32",12,2,4,0,14,FALSE
"33",13,2,4,0,14,FALSE
"34",14,2,4,0,14,FALSE
"35",15,2,4,0,14,FALSE
"36",16,2,4,1,14,TRUE
"37",17,2,4,1,14,TRUE
"38",18,2,4,1,14,TRUE
"39",19,2,4,0,14,FALSE
"40",20,2,4,0,14,FALSE
"41",1,3,6,0,13,FALSE
"42",2,3,8,1,13,TRUE
"43",3,3,6,1,13,TRUE
"44",4,3,7,1,13,TRUE
"45",5,3,6,0,13,FALSE
"46",6,3,7,1,13,TRUE
"47",7,3,7,0,13,FALSE
"48",8,3,8,1,13,TRUE
"49",9,3,7,1,13,TRUE
"50",10,3,7,1,13,TRUE
"51",11,3,8,1,13,TRUE
"52",12,3,7,1,13,TRUE
"53",13,3,7,1,13,TRUE
"54",14,3,7,1,13,TRUE
"55",15,3,5,0,13,FALSE
"56",16,3,7,0,13,FALSE
"57",17,3,7,1,13,TRUE
"58",18,3,6,0,13,FALSE
"59",1,4,7,1,20,TRUE
"60",2,4,6,1,20,TRUE
"61",3,4,7,1,20,TRUE
"62",4,4,6,1,20,TRUE
"63",5,4,6,1,20,TRUE
"64",6,4,6,0,20,FALSE
"65",7,4,7,0,20,FALSE
"66",8,4,7,0,20,FALSE
"67",9,4,6,0,20,FALSE
"68",10,4,6,1,20,TRUE
"69",11,4,5,0,20,FALSE
"70",12,4,6,0,20,FALSE
"71",13,4,6,0,20,FALSE
"72",14,4,6,0,20,FALSE
"73",15,4,6,0,20,FALSE
"74",16,4,6,1,20,TRUE
"75",17,4,7,1,20,TRUE
"76",18,4,7,0,20,FALSE
"77",19,4,6,0,20,FALSE
"78",20,4,7,0,20,FALSE
"79",21,4,7,0,20,FALSE
"80",22,4,7,1,20,TRUE
"81",23,4,6,0,20,FALSE
"82",1,5,5,0,5,FALSE
"83",2,5,4,1,5,TRUE
"84",3,5,3,0,5,FALSE
"85",4,5,5,1,5,TRUE
"86",5,5,3,0,5,FALSE
"87",6,5,4,0,5,FALSE
"88",7,5,4,0,5,FALSE
"89",8,5,5,1,5,TRUE
"90",9,5,5,1,5,TRUE
"91",10,5,5,0,5,FALSE
"92",11,5,5,1,5,TRUE
"93",12,5,5,1,5,TRUE
"94",13,5,4,0,5,FALSE
"95",14,5,7,1,5,TRUE
"96",15,5,5,0,5,FALSE
"97",16,5,5,1,5,TRUE
"98",17,5,5,1,5,TRUE
"99",18,5,4,0,5,FALSE
"100",19,5,5,1,5,TRUE
"101",20,5,5,0,5,FALSE
"102",21,5,4,0,5,FALSE
"103",1,6,4,0,8,FALSE
"104",2,6,4,1,8,TRUE
"105",3,6,4,1,8,TRUE
"106",4,6,5,1,8,TRUE
"107",5,6,5,1,8,TRUE
"108",6,6,4,1,8,TRUE
"109",7,6,4,0,8,FALSE
"110",8,6,4,0,8,FALSE
"111",9,6,6,1,8,TRUE
"112",10,6,5,1,8,TRUE
"113",11,6,3,0,8,FALSE
"114",12,6,4,1,8,TRUE
"115",13,6,4,1,8,TRUE
"116",14,6,4,0,8,FALSE
"117",15,6,5,1,8,TRUE
"118",16,6,3,0,8,FALSE
"119",17,6,4,0,8,FALSE
"120",18,6,4,0,8,FALSE
"121",19,6,4,0,8,FALSE
"122",20,6,4,0,8,FALSE
"123",1,7,7,1,17,TRUE
"124",2,7,6,1,17,TRUE
"125",3,7,4,0,17,FALSE
"126",4,7,4,0,17,FALSE
"127",5,7,5,0,17,FALSE
"128",6,7,7,1,17,TRUE
"129",7,7,5,0,17,FALSE
"130",8,7,7,1,17,TRUE
"131",9,7,5,0,17,FALSE
"132",10,7,6,1,17,TRUE
"133",11,7,5,0,17,FALSE
"134",12,7,5,0,17,FALSE
"135",13,7,6,0,17,FALSE
"136",14,7,6,1,17,TRUE
"137",15,7,5,0,17,FALSE
"138",16,7,5,0,17,FALSE
"139",17,7,7,1,17,TRUE
"140",18,7,5,0,17,FALSE
"141",19,7,8,1,17,TRUE
"142",20,7,7,1,17,TRUE
"143",21,7,4,0,17,FALSE
"144",1,8,7,1,12,TRUE
"145",2,8,4,0,12,FALSE
"146",3,8,6,1,12,TRUE
"147",4,8,7,1,12,TRUE
"148",5,8,6,0,12,FALSE
"149",6,8,7,1,12,TRUE
"150",7,8,5,0,12,FALSE
"151",8,8,6,1,12,TRUE
"152",9,8,4,0,12,FALSE
"153",10,8,6,1,12,TRUE
"154",11,8,4,0,12,FALSE
"155",12,8,4,0,12,FALSE
"156",13,8,4,0,12,FALSE
"157",14,8,7,1,12,TRUE
"158",15,8,4,0,12,FALSE
"159",16,8,5,0,12,FALSE
"160",17,8,7,1,12,TRUE
"161",18,8,6,1,12,TRUE
"162",19,8,7,1,12,TRUE
"163",20,8,6,1,12,TRUE
"164",1,9,4,0,9,FALSE
"165",2,9,5,1,9,TRUE
"166",3,9,5,1,9,TRUE
"167",4,9,6,1,9,TRUE
"168",5,9,5,1,9,TRUE
"169",6,9,3,0,9,FALSE
"170",7,9,3,0,9,FALSE
"171",8,9,4,0,9,FALSE
"172",9,9,4,0,9,FALSE
"173",10,9,4,0,9,FALSE
"174",11,9,2,0,9,FALSE
"175",12,9,4,1,9,TRUE
"176",13,9,3,0,9,FALSE
"177",14,9,3,0,9,FALSE
"178",15,9,2,0,9,FALSE
"179",16,9,3,0,9,FALSE
"180",17,9,5,1,9,TRUE
"181",18,9,6,1,9,TRUE
"182",19,9,4,1,9,TRUE
"183",20,9,4,0,9,FALSE
"184",1,10,5,0,21,FALSE
"185",2,10,5,1,21,TRUE
"186",3,10,4,0,21,FALSE
"187",4,10,5,1,21,TRUE
"188",5,10,5,0,21,FALSE
"189",6,10,4,1,21,TRUE
"190",7,10,5,0,21,FALSE
"191",8,10,5,0,21,FALSE
"192",9,10,5,1,21,TRUE
"193",10,10,5,1,21,TRUE
"194",11,10,5,0,21,FALSE
"195",12,10,5,0,21,FALSE
"196",13,10,5,1,21,TRUE
"197",14,10,5,0,21,FALSE
"198",15,10,6,0,21,FALSE
"199",16,10,4,0,21,FALSE
"200",17,10,5,0,21,FALSE
"201",18,10,4,0,21,FALSE
"202",19,10,4,1,21,TRUE
"203",20,10,5,1,21,TRUE
"204",21,10,5,1,21,TRUE
"205",22,10,5,1,21,TRUE
"206",23,10,5,1,21,TRUE
"207",24,10,5,1,21,TRUE
"208",1,11,5,0,11,FALSE
"209",2,11,6,1,11,TRUE
"210",3,11,5,1,11,TRUE
"211",4,11,5,0,11,FALSE
"212",5,11,5,0,11,FALSE
"213",6,11,6,1,11,TRUE
"214",7,11,4,0,11,FALSE
"215",8,11,6,1,11,TRUE
"216",9,11,6,1,11,TRUE
"217",10,11,6,1,11,TRUE
"218",11,11,4,0,11,FALSE
"219",12,11,6,0,11,FALSE
"220",13,11,5,0,11,FALSE
"221",14,11,6,1,11,TRUE
"222",15,11,6,1,11,TRUE
"223",16,11,5,0,11,FALSE
"224",17,11,5,0,11,FALSE
"225",18,11,5,0,11,FALSE
"226",19,11,5,0,11,FALSE
"227",20,11,7,1,11,TRUE
"228",21,11,6,1,11,TRUE
"229",22,11,5,0,11,FALSE
"230",1,12,5,0,16,FALSE
"231",2,12,5,1,16,TRUE
"232",3,12,6,1,16,TRUE
"233",4,12,5,1,16,TRUE
"234",5,12,5,1,16,TRUE
"235",6,12,6,0,16,FALSE
"236",7,12,5,0,16,FALSE
"237",8,12,5,0,16,FALSE
"238",9,12,5,1,16,TRUE
"239",10,12,5,1,16,TRUE
"240",11,12,5,0,16,FALSE
"241",12,12,5,0,16,FALSE
"242",13,12,5,1,16,TRUE
"243",14,12,6,0,16,FALSE
"244",15,12,5,0,16,FALSE
"245",16,12,5,0,16,FALSE
"246",17,12,5,0,16,FALSE
"247",2,13,7,1,19,TRUE
"248",3,13,6,1,19,TRUE
"249",4,13,5,0,19,FALSE
"250",5,13,5,0,19,FALSE
"251",6,13,6,1,19,TRUE
"252",7,13,5,1,19,TRUE
"253",8,13,5,0,19,FALSE
"254",9,13,7,1,19,TRUE
"255",10,13,5,0,19,FALSE
"256",11,13,6,0,19,FALSE
"257",12,13,7,1,19,TRUE
"258",13,13,7,1,19,TRUE
"259",14,13,5,0,19,FALSE
"260",15,13,7,1,19,TRUE
"261",16,13,5,0,19,FALSE
"262",17,13,6,0,19,FALSE
"263",18,13,7,1,19,TRUE
"264",19,13,6,1,19,TRUE
"265",20,13,7,1,19,TRUE
"266",21,13,6,1,19,TRUE
"267",1,14,3,0,2,FALSE
"268",2,14,3,0,2,FALSE
"269",3,14,4,1,2,TRUE
"270",4,14,3,0,2,FALSE
"271",5,14,4,1,2,TRUE
"272",6,14,4,0,2,FALSE
"273",7,14,3,0,2,FALSE
"274",8,14,4,0,2,FALSE
"275",9,14,3,0,2,FALSE
"276",10,14,3,0,2,FALSE
"277",11,14,3,0,2,FALSE
"278",12,14,4,1,2,TRUE
"279",13,14,3,0,2,FALSE
"280",14,14,5,1,2,TRUE
"281",15,14,3,0,2,FALSE
"282",16,14,5,1,2,TRUE
"283",17,14,3,0,2,FALSE
"284",1,15,5,0,8,FALSE
"285",2,15,4,0,8,FALSE
"286",3,15,4,0,8,FALSE
"287",4,15,5,0,8,FALSE
"288",5,15,6,0,8,FALSE
"289",6,15,5,1,8,TRUE
"290",7,15,6,1,8,TRUE
"291",8,15,5,1,8,TRUE
"292",9,15,5,0,8,FALSE
"293",10,15,5,0,8,FALSE
"294",11,15,5,1,8,TRUE
"295",12,15,6,0,8,FALSE
"296",13,15,6,0,8,FALSE
"297",14,15,6,1,8,TRUE
"298",15,15,5,0,8,FALSE
"299",16,15,6,1,8,TRUE
"300",17,15,5,0,8,FALSE
"301",18,15,7,1,8,TRUE
"302",19,15,5,0,8,FALSE
"303",20,15,6,1,8,TRUE
"304",21,15,6,0,8,FALSE
"305",22,15,5,0,8,FALSE
"306",23,15,4,0,8,FALSE
"307",24,15,5,0,8,FALSE
"308",1,16,7,1,11,TRUE
"309",2,16,7,1,11,TRUE
"310",3,16,8,1,11,TRUE
"311",4,16,8,1,11,TRUE
"312",5,16,6,1,11,TRUE
"313",6,16,5,0,11,FALSE
"314",7,16,7,1,11,TRUE
"315",8,16,5,0,11,FALSE
"316",9,16,7,1,11,TRUE
"317",10,16,7,1,11,TRUE
"318",11,16,6,1,11,TRUE
"319",12,16,7,1,11,TRUE
"320",13,16,7,1,11,TRUE
"321",14,16,5,0,11,FALSE
"322",15,16,7,1,11,TRUE
"323",16,16,6,1,11,TRUE
"324",17,16,8,1,11,TRUE
"325",1,17,5,0,16,FALSE
"326",2,17,5,1,16,TRUE
"327",3,17,4,0,16,FALSE
"328",4,17,3,0,16,FALSE
"329",5,17,4,1,16,TRUE
"330",6,17,4,0,16,FALSE
"331",7,17,5,1,16,TRUE
"332",8,17,5,1,16,TRUE
"333",9,17,5,1,16,TRUE
"334",10,17,5,1,16,TRUE
"335",11,17,4,1,16,TRUE
"336",12,17,5,0,16,FALSE
"337",13,17,4,0,16,FALSE
"338",14,17,4,1,16,TRUE
"339",15,17,5,0,16,FALSE
"340",16,17,5,1,16,TRUE
"341",17,17,4,1,16,TRUE
"342",18,17,4,1,16,TRUE
"343",19,17,5,0,16,FALSE
"344",20,17,5,1,16,TRUE
"345",21,17,5,1,16,TRUE
"346",22,17,4,0,16,FALSE
"347",23,17,4,0,16,FALSE
"348",24,17,5,0,16,FALSE
"349",25,17,4,0,16,FALSE
"350",26,17,3,0,16,FALSE
"351",1,18,6,0,21,FALSE
"352",2,18,7,1,21,TRUE
"353",3,18,7,0,21,FALSE
"354",4,18,6,0,21,FALSE
"355",5,18,6,0,21,FALSE
"356",6,18,7,1,21,TRUE
"357",7,18,5,0,21,FALSE
"358",8,18,7,1,21,TRUE
"359",9,18,6,0,21,FALSE
"360",10,18,6,1,21,TRUE
"361",11,18,7,0,21,FALSE
"362",12,18,8,1,21,TRUE
"363",13,18,6,0,21,FALSE
"364",14,18,5,0,21,FALSE
"365",15,18,7,1,21,TRUE
"366",16,18,5,0,21,FALSE
"367",17,18,5,0,21,FALSE
"368",18,18,8,1,21,TRUE
"369",19,18,7,1,21,TRUE
"370",20,18,6,1,21,TRUE
"371",21,18,5,0,21,FALSE
"372",1,19,5,1,16,TRUE
"373",2,19,5,0,16,FALSE
"374",3,19,4,0,16,FALSE
"375",4,19,6,1,16,TRUE
"376",5,19,6,0,16,FALSE
"377",6,19,5,0,16,FALSE
"378",7,19,4,0,16,FALSE
"379",8,19,6,1,16,TRUE
"380",9,19,5,0,16,FALSE
"381",10,19,6,1,16,TRUE
"382",11,19,6,1,16,TRUE
"383",12,19,4,0,16,FALSE
"384",14,19,6,1,16,TRUE
"385",15,19,6,1,16,TRUE
"386",16,19,4,0,16,FALSE
"387",17,19,7,1,16,TRUE
"388",18,19,6,1,16,TRUE
"389",19,19,5,0,16,FALSE
"390",20,19,6,1,16,TRUE
"391",21,19,4,0,16,FALSE
"392",1,20,5,1,10,TRUE
"393",2,20,5,1,10,TRUE
"394",3,20,5,1,10,TRUE
"395",4,20,5,1,10,TRUE
"396",5,20,5,1,10,TRUE
"397",6,20,6,1,10,TRUE
"398",7,20,5,1,10,TRUE
"399",8,20,3,0,10,FALSE
"400",9,20,5,1,10,TRUE
"401",10,20,4,0,10,FALSE
"402",11,20,4,0,10,FALSE
"403",12,20,5,1,10,TRUE
"404",13,20,4,0,10,FALSE
"405",14,20,6,1,10,TRUE
"406",15,20,6,1,10,TRUE
"407",17,20,3,0,10,FALSE
"408",18,20,5,1,10,TRUE
"409",19,20,4,1,10,TRUE
"410",20,20,5,1,10,TRUE
"411",21,20,3,0,10,FALSE
"412",1,21,6,1,17,TRUE
"413",2,21,7,1,17,TRUE
"414",3,21,7,1,17,TRUE
"415",4,21,8,1,17,TRUE
"416",5,21,5,0,17,FALSE
"417",6,21,5,0,17,FALSE
"418",7,21,6,0,17,FALSE
"419",8,21,6,1,17,TRUE
"420",9,21,6,0,17,FALSE
"421",10,21,6,0,17,FALSE
"422",11,21,7,1,17,TRUE
"423",12,21,5,0,17,FALSE
"424",13,21,5,0,17,FALSE
"425",14,21,5,0,17,FALSE
"426",15,21,7,1,17,TRUE
"427",16,21,5,0,17,FALSE
"428",17,21,6,0,17,FALSE
"429",18,21,8,1,17,TRUE
"430",19,21,7,1,17,TRUE
"431",20,21,7,1,17,TRUE
"432",21,21,7,1,17,TRUE
"433",22,21,5,1,17,TRUE
"434",23,21,6,1,17,TRUE
"435",1,22,5,1,11,TRUE
"436",2,22,4,1,11,TRUE
"437",3,22,6,1,11,TRUE
"438",4,22,5,1,11,TRUE
"439",5,22,4,0,11,FALSE
"440",6,22,4,0,11,FALSE
"441",7,22,4,0,11,FALSE
"442",8,22,5,1,11,TRUE
"443",9,22,4,1,11,TRUE
"444",10,22,4,0,11,FALSE
"445",11,22,3,0,11,FALSE
"446",12,22,4,0,11,FALSE
"447",13,22,5,1,11,TRUE
"448",14,22,4,1,11,TRUE
"449",15,22,3,0,11,FALSE
"450",16,22,4,1,11,TRUE
"451",17,22,4,0,11,FALSE
"452",18,22,5,1,11,TRUE
"453",19,22,5,1,11,TRUE
"454",20,22,5,1,11,TRUE
"455",1,23,5,0,15,FALSE
"456",2,23,6,1,15,TRUE
"457",3,23,6,1,15,TRUE
"458",4,23,5,0,15,FALSE
"459",5,23,6,1,15,TRUE
"460",6,23,6,1,15,TRUE
"461",7,23,5,1,15,TRUE
"462",8,23,4,0,15,FALSE
"463",9,23,6,0,15,FALSE
"464",10,23,5,0,15,FALSE
"465",11,23,5,0,15,FALSE
"466",12,23,6,1,15,TRUE
"467",13,23,5,0,15,FALSE
"468",14,23,7,1,15,TRUE
"469",15,23,6,1,15,TRUE
"470",16,23,5,0,15,FALSE
"471",17,23,5,1,15,TRUE
"472",18,23,5,0,15,FALSE
"473",19,23,6,1,15,TRUE
"474",20,23,4,0,15,FALSE
"475",21,23,5,0,15,FALSE
"476",22,23,5,0,15,FALSE
"477",1,24,3,0,6,FALSE
"478",2,24,4,0,6,FALSE
"479",3,24,5,1,6,TRUE
"480",4,24,5,1,6,TRUE
"481",5,24,4,1,6,TRUE
"482",6,24,5,1,6,TRUE
"483",7,24,4,0,6,FALSE
"484",8,24,4,1,6,TRUE
"485",9,24,4,0,6,FALSE
"486",10,24,4,1,6,TRUE
"487",11,24,4,0,6,FALSE
"488",12,24,4,0,6,FALSE
"489",13,24,3,0,6,FALSE
"490",14,24,4,0,6,FALSE
"491",15,24,3,0,6,FALSE
"492",16,24,6,1,6,TRUE
"493",17,24,4,1,6,TRUE
"494",18,24,6,1,6,TRUE
"495",19,24,3,0,6,FALSE
"496",1,25,6,0,19,FALSE
"497",2,25,7,1,19,TRUE
"498",3,25,7,1,19,TRUE
"499",4,25,7,1,19,TRUE
"500",5,25,7,1,19,TRUE
"501",6,25,6,0,19,FALSE
"502",7,25,6,0,19,FALSE
"503",8,25,7,1,19,TRUE
"504",9,25,7,1,19,TRUE
"505",10,25,6,0,19,FALSE
"506",11,25,7,1,19,TRUE
"507",12,25,6,0,19,FALSE
"508",13,25,7,1,19,TRUE
"509",14,25,6,1,19,TRUE
"510",15,25,7,1,19,TRUE
"511",16,25,6,0,19,FALSE
"512",17,25,5,0,19,FALSE
"513",18,25,7,0,19,FALSE
"514",19,25,6,0,19,FALSE
"515",20,25,6,0,19,FALSE
"516",1,26,4,1,10,TRUE
"517",2,26,4,1,10,TRUE
"518",3,26,4,0,10,FALSE
"519",4,26,4,1,10,TRUE
"520",5,26,4,0,10,FALSE
"521",6,26,5,1,10,TRUE
"522",7,26,5,1,10,TRUE
"523",8,26,4,0,10,FALSE
"524",9,26,3,0,10,FALSE
"525",10,26,4,0,10,FALSE
"526",11,26,5,1,10,TRUE
"527",12,26,4,0,10,FALSE
"528",13,26,5,1,10,TRUE
"529",14,26,4,0,10,FALSE
"530",15,26,4,0,10,FALSE
"531",16,26,4,1,10,TRUE
"532",17,26,5,1,10,TRUE
"533",18,26,3,1,10,TRUE
"534",19,26,4,0,10,FALSE
"535",20,26,3,0,10,FALSE
"536",21,26,5,1,10,TRUE
"537",1,27,5,0,10,FALSE
"538",2,27,5,0,10,FALSE
"539",3,27,6,0,10,FALSE
"540",4,27,5,0,10,FALSE
"541",5,27,5,0,10,FALSE
"542",6,27,4,0,10,FALSE
"543",7,27,6,0,10,FALSE
"544",8,27,6,0,10,FALSE
"545",9,27,6,1,10,TRUE
"546",10,27,6,0,10,FALSE
"547",11,27,6,1,10,TRUE
"548",12,27,6,1,10,TRUE
"549",13,27,5,0,10,FALSE
"550",14,27,7,1,10,TRUE
"551",15,27,6,1,10,TRUE
"552",16,27,6,1,10,TRUE
"553",17,27,5,0,10,FALSE
"554",18,27,6,0,10,FALSE
"555",19,27,4,0,10,FALSE
"556",20,27,5,0,10,FALSE
"557",1,28,5,0,13,FALSE
"558",2,28,5,1,13,TRUE
"559",3,28,4,0,13,FALSE
"560",4,28,3,0,13,FALSE
"561",5,28,5,1,13,TRUE
"562",6,28,6,1,13,TRUE
"563",7,28,4,0,13,FALSE
"564",8,28,5,1,13,TRUE
"565",9,28,5,1,13,TRUE
"566",10,28,5,1,13,TRUE
"567",11,28,4,0,13,FALSE
"568",12,28,5,0,13,FALSE
"569",13,28,4,1,13,TRUE
"570",14,28,4,0,13,FALSE
"571",15,28,5,1,13,TRUE
"572",16,28,4,0,13,FALSE
"573",17,28,5,1,13,TRUE
"574",18,28,4,0,13,FALSE
"575",19,28,5,1,13,TRUE
"576",20,28,5,1,13,TRUE
"577",1,29,5,1,22,TRUE
"578",2,29,5,0,22,FALSE
"579",3,29,5,0,22,FALSE
"580",4,29,5,0,22,FALSE
"581",5,29,6,1,22,TRUE
"582",6,29,6,1,22,TRUE
"583",7,29,5,0,22,FALSE
"584",8,29,6,1,22,TRUE
"585",9,29,5,1,22,TRUE
"586",10,29,5,1,22,TRUE
"587",12,29,5,0,22,FALSE
"588",13,29,4,0,22,FALSE
"589",14,29,5,1,22,TRUE
"590",15,29,7,1,22,TRUE
"591",16,29,5,1,22,TRUE
"592",17,29,6,1,22,TRUE
"593",18,29,4,0,22,FALSE
"594",1,30,5,0,6,FALSE
"595",2,30,5,0,6,FALSE
"596",3,30,5,1,6,TRUE
"597",4,30,5,0,6,FALSE
"598",5,30,6,1,6,TRUE
"599",6,30,4,0,6,FALSE
"600",7,30,4,0,6,FALSE
"601",8,30,5,1,6,TRUE
"602",9,30,4,0,6,FALSE
"603",10,30,7,1,6,TRUE
"604",11,30,5,0,6,FALSE
"605",12,30,5,1,6,TRUE
"606",13,30,6,1,6,TRUE
"607",14,30,5,0,6,FALSE
"608",15,30,6,1,6,TRUE
"609",16,30,6,1,6,TRUE
"610",17,30,6,1,6,TRUE
"611",1,31,4,0,6,FALSE
"612",2,31,5,1,6,TRUE
"613",4,31,5,1,6,TRUE
"614",5,31,5,1,6,TRUE
"615",6,31,4,0,6,FALSE
"616",7,31,6,1,6,TRUE
"617",8,31,5,1,6,TRUE
"618",9,31,5,1,6,TRUE
"619",10,31,4,0,6,FALSE
"620",11,31,5,0,6,FALSE
"621",12,31,4,0,6,FALSE
"622",13,31,4,0,6,FALSE
"623",14,31,4,0,6,FALSE
"624",15,31,5,0,6,FALSE
"625",16,31,5,0,6,FALSE
"626",17,31,5,1,6,TRUE
"627",18,31,4,0,6,FALSE
"628",19,31,4,0,6,FALSE
"629",20,31,5,1,6,TRUE
"630",1,32,6,1,12,TRUE
"631",2,32,4,0,12,FALSE
"632",3,32,6,1,12,TRUE
"633",4,32,6,1,12,TRUE
"634",5,32,4,0,12,FALSE
"635",6,32,4,0,12,FALSE
"636",7,32,4,0,12,FALSE
"637",8,32,7,1,12,TRUE
"638",9,32,4,0,12,FALSE
"639",10,32,7,1,12,TRUE
"640",11,32,7,1,12,TRUE
"641",12,32,4,0,12,FALSE
"642",13,32,7,1,12,TRUE
"643",14,32,4,0,12,FALSE
"644",15,32,6,1,12,TRUE
"645",16,32,5,0,12,FALSE
"646",17,32,4,0,12,FALSE
"647",18,32,4,0,12,FALSE
"648",19,32,4,0,12,FALSE
"649",20,32,5,1,12,TRUE
"650",21,32,4,0,12,FALSE
"651",22,32,6,1,12,TRUE
"652",23,32,7,1,12,TRUE
"653",1,33,4,0,3,FALSE
"654",2,33,6,1,3,TRUE
"655",3,33,6,0,3,FALSE
"656",4,33,5,1,3,TRUE
"657",5,33,4,0,3,FALSE
"658",6,33,4,0,3,FALSE
"659",7,33,6,1,3,TRUE
"660",8,33,5,1,3,TRUE
"661",9,33,4,0,3,FALSE
"662",10,33,7,1,3,TRUE
"663",11,33,5,1,3,TRUE
"664",12,33,4,1,3,TRUE
"665",13,33,5,1,3,TRUE
"666",14,33,4,0,3,FALSE
"667",15,33,5,1,3,TRUE
"668",16,33,4,0,3,FALSE
"669",17,33,6,1,3,TRUE
"670",18,33,6,1,3,TRUE
"671",19,33,6,1,3,TRUE
"672",1,34,5,0,8,FALSE
"673",2,34,5,0,8,FALSE
"674",3,34,6,1,8,TRUE
"675",4,34,5,0,8,FALSE
"676",5,34,5,0,8,FALSE
"677",6,34,4,0,8,FALSE
"678",7,34,5,0,8,FALSE
"679",8,34,5,0,8,FALSE
"680",9,34,6,1,8,TRUE
"681",10,34,5,0,8,FALSE
"682",11,34,5,0,8,FALSE
"683",12,34,6,1,8,TRUE
"684",13,34,4,0,8,FALSE
"685",14,34,6,0,8,FALSE
"686",15,34,6,1,8,TRUE
"687",16,34,5,0,8,FALSE
"688",17,34,5,0,8,FALSE
"689",18,34,6,1,8,TRUE
"690",19,34,5,0,8,FALSE
"691",20,34,6,0,8,FALSE
"692",21,34,6,1,8,TRUE
"693",22,34,6,1,8,TRUE
"694",1,35,7,0,25,FALSE
"695",2,35,6,1,25,TRUE
"696",3,35,7,1,25,TRUE
"697",4,35,6,1,25,TRUE
"698",5,35,7,1,25,TRUE
"699",6,35,6,1,25,TRUE
"700",7,35,7,0,25,FALSE
"701",8,35,7,1,25,TRUE
"702",9,35,7,0,25,FALSE
"703",10,35,8,1,25,TRUE
"704",11,35,6,0,25,FALSE
"705",12,35,7,0,25,FALSE
"706",13,35,7,1,25,TRUE
"707",14,35,7,0,25,FALSE
"708",15,35,7,1,25,TRUE
"709",16,35,6,1,25,TRUE
"710",17,35,7,1,25,TRUE
"711",18,35,6,0,25,FALSE
"712",19,35,8,0,25,FALSE
"713",20,35,6,1,25,TRUE
"714",1,36,6,1,15,TRUE
"715",2,36,4,0,15,FALSE
"716",3,36,4,0,15,FALSE
"717",4,36,4,0,15,FALSE
"718",5,36,5,0,15,FALSE
"719",6,36,6,1,15,TRUE
"720",7,36,6,1,15,TRUE
"721",8,36,6,1,15,TRUE
"722",9,36,5,0,15,FALSE
"723",10,36,7,1,15,TRUE
"724",11,36,5,0,15,FALSE
"725",12,36,4,0,15,FALSE
"726",13,36,6,1,15,TRUE
"727",14,36,5,1,15,TRUE
"728",15,36,5,0,15,FALSE
"729",16,36,6,1,15,TRUE
"730",17,36,5,0,15,FALSE
"731",18,36,5,0,15,FALSE
"732",19,36,5,0,15,FALSE
"733",1,37,7,0,20,FALSE
"734",2,37,6,1,20,TRUE
"735",3,37,6,1,20,TRUE
"736",4,37,8,1,20,TRUE
"737",5,37,6,0,20,FALSE
"738",6,37,6,0,20,FALSE
"739",7,37,7,0,20,FALSE
"740",8,37,6,1,20,TRUE
"741",9,37,6,0,20,FALSE
"742",10,37,5,0,20,FALSE
"743",11,37,6,1,20,TRUE
"744",12,37,6,0,20,FALSE
"745",13,37,6,0,20,FALSE
"746",14,37,5,0,20,FALSE
"747",15,37,6,0,20,FALSE
"748",16,37,5,0,20,FALSE
"749",17,37,6,0,20,FALSE
"750",18,37,6,1,20,TRUE
"751",19,37,7,1,20,TRUE
"752",1,38,6,0,18,FALSE
"753",2,38,5,0,18,FALSE
"754",3,38,6,0,18,FALSE
"755",4,38,5,1,18,TRUE
"756",5,38,5,1,18,TRUE
"757",6,38,4,1,18,TRUE
"758",7,38,5,1,18,TRUE
"759",8,38,6,0,18,FALSE
"760",9,38,5,1,18,TRUE
"761",10,38,6,0,18,FALSE
"762",11,38,6,0,18,FALSE
"763",12,38,5,0,18,FALSE
"764",13,38,5,0,18,FALSE
"765",14,38,5,0,18,FALSE
"766",15,38,6,1,18,TRUE
"767",16,38,5,1,18,TRUE
"768",17,38,6,0,18,FALSE
"769",1,39,6,1,19,TRUE
"770",2,39,5,1,19,TRUE
"771",3,39,4,0,19,FALSE
"772",4,39,5,0,19,FALSE
"773",5,39,6,1,19,TRUE
"774",6,39,6,1,19,TRUE
"775",7,39,6,1,19,TRUE
"776",8,39,7,1,19,TRUE
"777",9,39,6,1,19,TRUE
"778",10,39,5,1,19,TRUE
"779",11,39,5,0,19,FALSE
"780",12,39,5,0,19,FALSE
"781",13,39,5,0,19,FALSE
"782",14,39,6,1,19,TRUE
"783",15,39,4,0,19,FALSE
"784",16,39,6,1,19,TRUE
"785",1,40,6,1,2,TRUE
"786",2,40,5,0,2,FALSE
"787",3,40,6,1,2,TRUE
"788",4,40,6,1,2,TRUE
"789",5,40,5,1,2,TRUE
"790",6,40,6,0,2,FALSE
"791",7,40,6,0,2,FALSE
"792",8,40,6,0,2,FALSE
"793",9,40,5,1,2,TRUE
"794",10,40,5,0,2,FALSE
"795",11,40,5,0,2,FALSE
"796",12,40,6,0,2,FALSE
"797",13,40,5,1,2,TRUE
"798",14,40,4,1,2,TRUE
"799",15,40,7,1,2,TRUE
"800",16,40,5,0,2,FALSE
"801",17,40,5,0,2,FALSE
"802",18,40,4,0,2,FALSE
"803",19,40,7,1,2,TRUE
"804",20,40,4,0,2,FALSE
"805",1,41,6,1,18,TRUE
"806",2,41,5,0,18,FALSE
"807",3,41,5,0,18,FALSE
"808",4,41,6,1,18,TRUE
"809",5,41,5,0,18,FALSE
"810",6,41,5,0,18,FALSE
"811",7,41,5,0,18,FALSE
"812",8,41,6,1,18,TRUE
"813",9,41,5,1,18,TRUE
"814",10,41,5,1,18,TRUE
"815",11,41,6,1,18,TRUE
"816",12,41,5,0,18,FALSE
"817",13,41,4,0,18,FALSE
"818",14,41,6,0,18,FALSE
"819",15,41,6,1,18,TRUE
"820",16,41,5,1,18,TRUE
"821",17,41,6,1,18,TRUE
"822",18,41,6,1,18,TRUE
"823",19,41,5,0,18,FALSE
"824",1,42,6,1,12,TRUE
"825",2,42,4,0,12,FALSE
"826",3,42,5,0,12,FALSE
"827",4,42,7,1,12,TRUE
"828",5,42,5,0,12,FALSE
"829",6,42,6,1,12,TRUE
"830",7,42,6,0,12,FALSE
"831",8,42,6,1,12,TRUE
"832",9,42,6,1,12,TRUE
"833",10,42,5,1,12,TRUE
"834",11,42,4,0,12,FALSE
"835",12,42,5,1,12,TRUE
"836",13,42,6,1,12,TRUE
"837",14,42,7,1,12,TRUE
"838",15,42,5,0,12,FALSE
"839",16,42,4,0,12,FALSE
"840",17,42,7,1,12,TRUE
"841",18,42,4,0,12,FALSE
"842",19,42,6,1,12,TRUE
"843",20,42,6,1,12,TRUE
"844",21,42,7,1,12,TRUE
"845",1,43,4,0,12,FALSE
"846",2,43,5,1,12,TRUE
"847",3,43,4,0,12,FALSE
"848",4,43,4,1,12,TRUE
"849",5,43,5,1,12,TRUE
"850",6,43,4,1,12,TRUE
"851",7,43,4,0,12,FALSE
"852",8,43,4,0,12,FALSE
"853",9,43,4,1,12,TRUE
"854",10,43,4,0,12,FALSE
"855",11,43,4,0,12,FALSE
"856",12,43,4,0,12,FALSE
"857",13,43,4,0,12,FALSE
"858",14,43,5,0,12,FALSE
"859",15,43,5,0,12,FALSE
"860",16,43,5,0,12,FALSE
"861",17,43,5,0,12,FALSE
"862",1,44,5,0,14,FALSE
"863",2,44,8,1,14,TRUE
"864",3,44,7,1,14,TRUE
"865",4,44,5,1,14,TRUE
"866",5,44,6,0,14,FALSE
"867",6,44,5,0,14,FALSE
"868",7,44,5,1,14,TRUE
"869",8,44,5,0,14,FALSE
"870",9,44,5,0,14,FALSE
"871",10,44,6,0,14,FALSE
"872",11,44,5,0,14,FALSE
"873",12,44,6,1,14,TRUE
"874",13,44,5,1,14,TRUE
"875",14,44,6,1,14,TRUE
"876",15,44,7,1,14,TRUE
"877",16,44,6,0,14,FALSE
"878",17,44,6,0,14,FALSE
"879",18,44,6,1,14,TRUE
"880",19,44,4,0,14,FALSE
"881",1,45,6,0,20,FALSE
"882",2,45,7,1,20,TRUE
"883",3,45,6,1,20,TRUE
"884",4,45,6,1,20,TRUE
"885",5,45,6,0,20,FALSE
"886",6,45,7,0,20,FALSE
"887",7,45,6,0,20,FALSE
"888",8,45,6,1,20,TRUE
"889",9,45,7,0,20,FALSE
"890",10,45,7,1,20,TRUE
"891",11,45,7,0,20,FALSE
"892",12,45,7,0,20,FALSE
"893",13,45,6,0,20,FALSE
"894",14,45,7,0,20,FALSE
"895",15,45,6,0,20,FALSE
"896",16,45,6,0,20,FALSE
"897",17,45,6,1,20,TRUE
"898",18,45,7,0,20,FALSE
"899",19,45,7,0,20,FALSE
"900",1,46,6,1,18,TRUE
"901",2,46,6,1,18,TRUE
"902",3,46,7,1,18,TRUE
"903",4,46,6,0,18,FALSE
"904",5,46,5,0,18,FALSE
"905",6,46,5,0,18,FALSE
"906",7,46,7,1,18,TRUE
"907",8,46,8,1,18,TRUE
"908",9,46,6,0,18,FALSE
"909",10,46,6,1,18,TRUE
"910",11,46,6,1,18,TRUE
"911",12,46,6,1,18,TRUE
"912",13,46,7,1,18,TRUE
"913",14,46,7,1,18,TRUE
"914",15,46,6,0,18,FALSE
"915",16,46,6,0,18,FALSE
"916",17,46,7,1,18,TRUE
"917",18,46,5,0,18,FALSE
"918",19,46,7,1,18,TRUE
"919",20,46,6,1,18,TRUE
"920",21,46,7,1,18,TRUE
"921",22,46,7,1,18,TRUE
"922",23,46,6,0,18,FALSE
"923",1,47,4,1,13,TRUE
"924",2,47,4,0,13,FALSE
"925",3,47,3,1,13,TRUE
"926",4,47,3,0,13,FALSE
"927",5,47,4,0,13,FALSE
"928",6,47,4,1,13,TRUE
"929",7,47,4,0,13,FALSE
"930",8,47,4,1,13,TRUE
"931",9,47,4,1,13,TRUE
"932",10,47,4,1,13,TRUE
"933",11,47,4,0,13,FALSE
"934",12,47,4,1,13,TRUE
"935",13,47,3,0,13,FALSE
"936",14,47,3,0,13,FALSE
"937",15,47,4,1,13,TRUE
"938",16,47,5,1,13,TRUE
"939",17,47,3,0,13,FALSE
"940",1,48,5,1,6,TRUE
"941",2,48,4,0,6,FALSE
"942",3,48,5,0,6,FALSE
"943",4,48,4,0,6,FALSE
"944",5,48,5,0,6,FALSE
"945",6,48,5,0,6,FALSE
"946",7,48,5,1,6,TRUE
"947",8,48,6,1,6,TRUE
"948",9,48,4,0,6,FALSE
"949",10,48,6,1,6,TRUE
"950",11,48,4,0,6,FALSE
"951",12,48,5,0,6,FALSE
"952",13,48,6,1,6,TRUE
"953",14,48,5,1,6,TRUE
"954",15,48,5,0,6,FALSE
"955",16,48,5,1,6,TRUE
"956",17,48,6,1,6,TRUE
"957",18,48,5,0,6,FALSE
"958",19,48,3,0,6,FALSE
"959",1,49,6,1,7,TRUE
"960",2,49,5,1,7,TRUE
"961",3,49,4,0,7,FALSE
"962",4,49,5,1,7,TRUE
"963",5,49,5,1,7,TRUE
"964",6,49,4,0,7,FALSE
"965",7,49,5,1,7,TRUE
"966",8,49,4,0,7,FALSE
"967",9,49,4,0,7,FALSE
"968",10,49,5,1,7,TRUE
"969",11,49,5,1,7,TRUE
"970",12,49,6,1,7,TRUE
"971",13,49,6,1,7,TRUE
"972",14,49,3,0,7,FALSE
"973",15,49,5,1,7,TRUE
"974",16,49,4,0,7,FALSE
"975",17,49,3,0,7,FALSE
"976",18,49,6,1,7,TRUE
"977",19,49,4,0,7,FALSE
"978",20,49,4,0,7,FALSE
"979",1,50,7,0,25,FALSE
"980",2,50,8,1,25,TRUE
"981",3,50,7,1,25,TRUE
"982",4,50,7,0,25,FALSE
"983",5,50,6,0,25,FALSE
"984",6,50,7,1,25,TRUE
"985",7,50,7,0,25,FALSE
"986",8,50,6,0,25,FALSE
"987",9,50,6,0,25,FALSE
"988",10,50,6,0,25,FALSE
"989",11,50,7,1,25,TRUE
"990",12,50,7,0,25,FALSE
"991",13,50,8,1,25,TRUE
"992",14,50,8,0,25,FALSE
"993",15,50,8,0,25,FALSE
"994",16,50,8,1,25,TRUE
"995",17,50,6,0,25,FALSE
"996",18,50,6,1,25,TRUE
"997",19,50,9,1,25,TRUE
"998",20,50,8,1,25,TRUE
"999",1,51,6,0,16,FALSE
"1000",2,51,7,1,16,TRUE
"1001",3,51,5,0,16,FALSE
"1002",4,51,6,1,16,TRUE
"1003",5,51,6,1,16,TRUE
"1004",6,51,6,1,16,TRUE
"1005",7,51,5,1,16,TRUE
"1006",8,51,6,0,16,FALSE
"1007",9,51,6,1,16,TRUE
"1008",10,51,6,1,16,TRUE
"1009",11,51,6,0,16,FALSE
"1010",12,51,6,0,16,FALSE
"1011",13,51,5,0,16,FALSE
"1012",14,51,8,1,16,TRUE
"1013",15,51,6,1,16,TRUE
"1014",16,51,5,0,16,FALSE
"1015",17,51,5,1,16,TRUE
"1016",18,51,6,1,16,TRUE
"1017",19,51,5,0,16,FALSE
"1018",20,51,5,0,16,FALSE
"1019",21,51,6,1,16,TRUE
"1020",22,51,7,1,16,TRUE
"1021",23,51,5,0,16,FALSE
"1022",1,52,6,1,7,TRUE
"1023",2,52,5,0,7,FALSE
"1024",3,52,6,1,7,TRUE
"1025",4,52,6,1,7,TRUE
"1026",5,52,6,1,7,TRUE
"1027",6,52,4,0,7,FALSE
"1028",7,52,5,0,7,FALSE
"1029",8,52,5,0,7,FALSE
"1030",9,52,6,1,7,TRUE
"1031",10,52,6,1,7,TRUE
"1032",11,52,6,1,7,TRUE
"1033",12,52,4,0,7,FALSE
"1034",13,52,4,0,7,FALSE
"1035",14,52,4,0,7,FALSE
"1036",15,52,5,0,7,FALSE
"1037",16,52,4,0,7,FALSE
"1038",17,52,6,1,7,TRUE
"1039",18,52,4,0,7,FALSE
"1040",19,52,6,1,7,TRUE
"1041",20,52,5,0,7,FALSE
"1042",21,52,6,1,7,TRUE
"1043",22,52,7,1,7,TRUE
"1044",23,52,5,0,7,FALSE
"1045",1,53,5,1,21,TRUE
"1046",2,53,5,1,21,TRUE
"1047",3,53,5,0,21,FALSE
"1048",4,53,5,1,21,TRUE
"1049",5,53,5,0,21,FALSE
"1050",6,53,6,0,21,FALSE
"1051",7,53,5,0,21,FALSE
"1052",8,53,5,1,21,TRUE
"1053",9,53,5,1,21,TRUE
"1054",10,53,6,0,21,FALSE
"1055",11,53,4,0,21,FALSE
"1056",12,53,5,0,21,FALSE
"1057",13,53,6,0,21,FALSE
"1058",14,53,5,1,21,TRUE
"1059",15,53,5,0,21,FALSE
"1060",16,53,5,1,21,TRUE
"1061",17,53,4,0,21,FALSE
"1062",18,53,5,0,21,FALSE
"1063",19,53,5,1,21,TRUE
"1064",1,54,7,1,16,TRUE
"1065",2,54,5,0,16,FALSE
"1066",3,54,5,0,16,FALSE
"1067",4,54,5,0,16,FALSE
"1068",5,54,5,0,16,FALSE
"1069",6,54,5,0,16,FALSE
"1070",7,54,6,1,16,TRUE
"1071",8,54,5,0,16,FALSE
"1072",9,54,5,0,16,FALSE
"1073",10,54,4,0,16,FALSE
"1074",11,54,6,1,16,TRUE
"1075",12,54,5,0,16,FALSE
"1076",13,54,5,0,16,FALSE
"1077",14,54,6,1,16,TRUE
"1078",15,54,6,1,16,TRUE
"1079",16,54,6,1,16,TRUE
"1080",17,54,4,0,16,FALSE
"1081",18,54,6,1,16,TRUE
"1082",19,54,6,1,16,TRUE
"1083",1,55,4,1,7,TRUE
"1084",2,55,4,1,7,TRUE
"1085",3,55,5,1,7,TRUE
"1086",4,55,4,0,7,FALSE
"1087",5,55,3,1,7,TRUE
"1088",6,55,3,1,7,TRUE
"1089",7,55,4,0,7,FALSE
"1090",8,55,4,1,7,TRUE
"1091",9,55,4,1,7,TRUE
"1092",10,55,4,0,7,FALSE
"1093",11,55,4,0,7,FALSE
"1094",12,55,3,0,7,FALSE
"1095",13,55,4,1,7,TRUE
"1096",14,55,5,1,7,TRUE
"1097",15,55,4,1,7,TRUE
"1098",16,55,5,0,7,FALSE
"1099",17,55,4,1,7,TRUE
"1100",18,55,5,0,7,FALSE
"1101",19,55,4,1,7,TRUE
"1102",20,55,4,0,7,FALSE
"1103",21,55,4,0,7,FALSE
"1104",1,56,4,0,12,FALSE
"1105",2,56,3,0,12,FALSE
"1106",3,56,6,1,12,TRUE
"1107",4,56,4,0,12,FALSE
"1108",5,56,4,0,12,FALSE
"1109",6,56,5,1,12,TRUE
"1110",7,56,5,1,12,TRUE
"1111",8,56,5,0,12,FALSE
"1112",9,56,4,0,12,FALSE
"1113",10,56,6,1,12,TRUE
"1114",11,56,5,1,12,TRUE
"1115",12,56,6,1,12,TRUE
"1116",13,56,5,1,12,TRUE
"1117",14,56,4,0,12,FALSE
"1118",15,56,4,0,12,FALSE
"1119",16,56,5,1,12,TRUE
"1120",17,56,4,0,12,FALSE
"1121",18,56,4,0,12,FALSE
"1122",19,56,5,1,12,TRUE
"1123",1,57,5,1,4,TRUE
"1124",2,57,5,1,4,TRUE
"1125",3,57,3,0,4,FALSE
"1126",4,57,4,0,4,FALSE
"1127",5,57,5,1,4,TRUE
"1128",6,57,5,1,4,TRUE
"1129",7,57,4,0,4,FALSE
"1130",8,57,4,1,4,TRUE
"1131",9,57,4,1,4,TRUE
"1132",10,57,3,0,4,FALSE
"1133",11,57,5,1,4,TRUE
"1134",12,57,5,1,4,TRUE
"1135",13,57,4,0,4,FALSE
"1136",14,57,5,1,4,TRUE
"1137",15,57,3,0,4,FALSE
"1138",16,57,5,1,4,TRUE
"1139",17,57,3,0,4,FALSE
"1140",18,57,4,1,4,TRUE
"1141",1,58,7,0,22,FALSE
"1142",2,58,5,1,22,TRUE
"1143",3,58,7,1,22,TRUE
"1144",4,58,6,1,22,TRUE
"1145",5,58,5,0,22,FALSE
"1146",6,58,6,0,22,FALSE
"1147",7,58,6,1,22,TRUE
"1148",8,58,4,0,22,FALSE
"1149",9,58,6,1,22,TRUE
"1150",10,58,4,0,22,FALSE
"1151",11,58,7,1,22,TRUE
"1152",12,58,7,0,22,FALSE
"1153",13,58,6,1,22,TRUE
"1154",14,58,5,0,22,FALSE
"1155",15,58,5,1,22,TRUE
"1156",16,58,7,1,22,TRUE
"1157",17,58,5,1,22,TRUE
"1158",18,58,7,1,22,TRUE
"1159",19,58,6,0,22,FALSE
"1160",20,58,6,0,22,FALSE
"1161",1,59,3,0,5,FALSE
"1162",2,59,4,1,5,TRUE
"1163",3,59,6,1,5,TRUE
"1164",4,59,3,0,5,FALSE
"1165",5,59,4,0,5,FALSE
"1166",6,59,2,0,5,FALSE
"1167",7,59,4,0,5,FALSE
"1168",8,59,5,1,5,TRUE
"1169",9,59,4,1,5,TRUE
"1170",10,59,4,0,5,FALSE
"1171",11,59,4,0,5,FALSE
"1172",12,59,3,0,5,FALSE
"1173",13,59,5,1,5,TRUE
"1174",14,59,4,1,5,TRUE
"1175",15,59,4,1,5,TRUE
"1176",16,59,3,0,5,FALSE
"1177",17,59,5,0,5,FALSE
"1178",1,60,3,0,3,FALSE
"1179",2,60,4,1,3,TRUE
"1180",3,60,4,0,3,FALSE
"1181",4,60,5,1,3,TRUE
"1182",5,60,4,1,3,TRUE
"1183",6,60,3,0,3,FALSE
"1184",7,60,4,1,3,TRUE
"1185",8,60,4,1,3,TRUE
"1186",9,60,3,0,3,FALSE
"1187",10,60,4,0,3,FALSE
"1188",11,60,4,1,3,TRUE
"1189",12,60,2,0,3,FALSE
"1190",13,60,4,1,3,TRUE
"1191",14,60,4,1,3,TRUE
"1192",16,60,3,1,3,TRUE
"1193",17,60,4,1,3,TRUE
"1194",18,60,4,0,3,FALSE
"1195",19,60,3,0,3,FALSE
"1196",20,60,4,0,3,FALSE
"1197",21,60,3,1,3,TRUE
"1198",22,60,3,0,3,FALSE
"1199",1,61,5,1,23,TRUE
"1200",2,61,5,0,23,FALSE
"1201",3,61,5,1,23,TRUE
"1202",4,61,5,1,23,TRUE
"1203",5,61,5,1,23,TRUE
"1204",6,61,5,0,23,FALSE
"1205",7,61,5,1,23,TRUE
"1206",8,61,5,1,23,TRUE
"1207",9,61,5,0,23,FALSE
"1208",10,61,5,1,23,TRUE
"1209",11,61,5,1,23,TRUE
"1210",12,61,5,0,23,FALSE
"1211",13,61,5,1,23,TRUE
"1212",14,61,4,1,23,TRUE
"1213",15,61,4,0,23,FALSE
"1214",16,61,5,0,23,FALSE
"1215",17,61,6,1,23,TRUE
"1216",18,61,6,0,23,FALSE
"1217",19,61,5,0,23,FALSE
"1218",1,62,7,1,25,TRUE
"1219",2,62,6,0,25,FALSE
"1220",3,62,6,0,25,FALSE
"1221",4,62,6,0,25,FALSE
"1222",5,62,6,0,25,FALSE
"1223",6,62,7,1,25,TRUE
"1224",7,62,7,1,25,TRUE
"1225",8,62,7,1,25,TRUE
"1226",9,62,6,1,25,TRUE
"1227",10,62,7,1,25,TRUE
"1228",11,62,6,1,25,TRUE
"1229",12,62,6,1,25,TRUE
"1230",13,62,7,0,25,FALSE
"1231",14,62,7,0,25,FALSE
"1232",15,62,7,0,25,FALSE
"1233",16,62,7,1,25,TRUE
"1234",17,62,7,0,25,FALSE
"1235",18,62,6,0,25,FALSE
"1236",19,62,7,1,25,TRUE
"1237",20,62,6,0,25,FALSE
"1238",1,63,5,1,15,TRUE
"1239",2,63,5,0,15,FALSE
"1240",3,63,4,1,15,TRUE
"1241",4,63,5,0,15,FALSE
"1242",5,63,4,0,15,FALSE
"1243",6,63,4,0,15,FALSE
"1244",7,63,4,0,15,FALSE
"1245",8,63,4,1,15,TRUE
"1246",9,63,4,0,15,FALSE
"1247",10,63,4,1,15,TRUE
"1248",11,63,4,0,15,FALSE
"1249",12,63,4,1,15,TRUE
"1250",13,63,4,0,15,FALSE
"1251",14,63,5,0,15,FALSE
"1252",15,63,4,1,15,TRUE
"1253",16,63,3,1,15,TRUE
"1254",17,63,3,0,15,FALSE
"1255",18,63,4,1,15,TRUE
"1256",19,63,4,0,15,FALSE
"1257",20,63,5,1,15,TRUE
"1258",21,63,4,1,15,TRUE
"1259",22,63,4,1,15,TRUE
"1260",23,63,4,1,15,TRUE
"1261",24,63,4,0,15,FALSE
"1262",25,63,5,0,15,FALSE
"1263",1,64,6,1,25,TRUE
"1264",2,64,7,1,25,TRUE
"1265",3,64,7,0,25,FALSE
"1266",4,64,7,1,25,TRUE
"1267",5,64,7,0,25,FALSE
"1268",6,64,7,1,25,TRUE
"1269",7,64,6,1,25,TRUE
"1270",8,64,8,0,25,FALSE
"1271",9,64,6,0,25,FALSE
"1272",11,64,8,0,25,FALSE
"1273",12,64,8,1,25,TRUE
"1274",13,64,7,1,25,TRUE
"1275",14,64,7,1,25,TRUE
"1276",15,64,8,1,25,TRUE
"1277",16,64,6,0,25,FALSE
"1278",17,64,7,0,25,FALSE
"1279",18,64,7,0,25,FALSE
"1280",19,64,7,1,25,TRUE
"1281",20,64,7,0,25,FALSE
"1282",1,65,5,0,22,FALSE
"1283",2,65,6,0,22,FALSE
"1284",3,65,6,0,22,FALSE
"1285",4,65,7,1,22,TRUE
"1286",5,65,7,1,22,TRUE
"1287",6,65,7,1,22,TRUE
"1288",7,65,6,0,22,FALSE
"1289",8,65,6,0,22,FALSE
"1290",9,65,5,0,22,FALSE
"1291",10,65,7,1,22,TRUE
"1292",11,65,7,1,22,TRUE
"1293",12,65,6,0,22,FALSE
"1294",13,65,5,0,22,FALSE
"1295",14,65,7,1,22,TRUE
"1296",15,65,7,0,22,FALSE
"1297",16,65,7,1,22,TRUE
"1298",17,65,6,0,22,FALSE
"1299",18,65,5,0,22,FALSE
"1300",19,65,5,0,22,FALSE
"1301",20,65,7,1,22,TRUE
"1302",21,65,8,1,22,TRUE
"1303",22,65,7,1,22,TRUE
"1304",1,66,5,1,8,TRUE
"1305",2,66,4,1,8,TRUE
"1306",3,66,3,0,8,FALSE
"1307",4,66,4,0,8,FALSE
"1308",5,66,5,1,8,TRUE
"1309",6,66,6,1,8,TRUE
"1310",7,66,4,1,8,TRUE
"1311",8,66,5,1,8,TRUE
"1312",9,66,4,1,8,TRUE
"1313",10,66,4,1,8,TRUE
"1314",11,66,4,0,8,FALSE
"1315",12,66,5,1,8,TRUE
"1316",13,66,4,1,8,TRUE
"1317",14,66,4,1,8,TRUE
"1318",15,66,5,1,8,TRUE
"1319",16,66,4,0,8,FALSE
"1320",17,66,4,0,8,FALSE
"1321",18,66,5,0,8,FALSE
"1322",19,66,6,1,8,TRUE
"1323",20,66,4,0,8,FALSE
"1324",1,67,6,0,23,FALSE
"1325",2,67,6,1,23,TRUE
"1326",3,67,5,0,23,FALSE
"1327",4,67,5,1,23,TRUE
"1328",5,67,7,1,23,TRUE
"1329",6,67,5,0,23,FALSE
"1330",7,67,6,1,23,TRUE
"1331",8,67,6,0,23,FALSE
"1332",9,67,6,1,23,TRUE
"1333",10,67,6,1,23,TRUE
"1334",11,67,5,0,23,FALSE
"1335",12,67,6,1,23,TRUE
"1336",13,67,6,1,23,TRUE
"1337",14,67,5,0,23,FALSE
"1338",15,67,5,1,23,TRUE
"1339",16,67,5,0,23,FALSE
"1340",17,67,5,1,23,TRUE
"1341",18,67,6,1,23,TRUE
"1342",19,67,5,0,23,FALSE
"1343",20,67,6,1,23,TRUE
"1344",21,67,6,1,23,TRUE
"1345",1,68,6,0,20,FALSE
"1346",2,68,5,0,20,FALSE
"1347",3,68,5,0,20,FALSE
"1348",4,68,5,0,20,FALSE
"1349",5,68,5,0,20,FALSE
"1350",6,68,4,1,20,TRUE
"1351",7,68,5,0,20,FALSE
"1352",8,68,5,0,20,FALSE
"1353",9,68,4,1,20,TRUE
"1354",10,68,4,1,20,TRUE
"1355",11,68,5,0,20,FALSE
"1356",12,68,5,0,20,FALSE
"1357",13,68,6,1,20,TRUE
"1358",14,68,5,1,20,TRUE
"1359",15,68,5,0,20,FALSE
"1360",16,68,5,0,20,FALSE
"1361",17,68,5,0,20,FALSE
"1362",1,69,5,0,24,FALSE
"1363",2,69,4,1,24,TRUE
"1364",4,69,5,0,24,FALSE
"1365",5,69,4,1,24,TRUE
"1366",6,69,5,0,24,FALSE
"1367",7,69,5,0,24,FALSE
"1368",8,69,5,0,24,FALSE
"1369",9,69,5,1,24,TRUE
"1370",10,69,4,0,24,FALSE
"1371",11,69,4,1,24,TRUE
"1372",12,69,4,0,24,FALSE
"1373",13,69,5,0,24,FALSE
"1374",14,69,5,0,24,FALSE
"1375",15,69,4,1,24,TRUE
"1376",16,69,5,0,24,FALSE
"1377",17,69,4,1,24,TRUE
"1378",18,69,5,1,24,TRUE
"1379",19,69,4,1,24,TRUE
"1380",1,70,6,1,22,TRUE
"1381",2,70,6,1,22,TRUE
"1382",3,70,6,1,22,TRUE
"1383",4,70,7,1,22,TRUE
"1384",5,70,6,1,22,TRUE
"1385",6,70,6,1,22,TRUE
"1386",7,70,5,0,22,FALSE
"1387",8,70,6,0,22,FALSE
"1388",9,70,6,0,22,FALSE
"1389",10,70,6,1,22,TRUE
"1390",11,70,5,0,22,FALSE
"1391",12,70,7,0,22,FALSE
"1392",13,70,6,0,22,FALSE
"1393",14,70,5,0,22,FALSE
"1394",15,70,6,1,22,TRUE
"1395",16,70,6,0,22,FALSE
"1396",17,70,6,1,22,TRUE
"1397",18,70,5,1,22,TRUE
"1398",19,70,6,0,22,FALSE
"1399",20,70,6,0,22,FALSE
"1400",21,70,6,0,22,FALSE
"1401",1,71,7,0,18,FALSE
"1402",2,71,6,0,18,FALSE
"1403",3,71,6,0,18,FALSE
"1404",4,71,7,1,18,TRUE
"1405",5,71,7,0,18,FALSE
"1406",6,71,6,0,18,FALSE
"1407",7,71,7,1,18,TRUE
"1408",8,71,7,1,18,TRUE
"1409",9,71,7,0,18,FALSE
"1410",10,71,7,1,18,TRUE
"1411",11,71,6,0,18,FALSE
"1412",12,71,8,1,18,TRUE
"1413",13,71,6,1,18,TRUE
"1414",14,71,5,0,18,FALSE
"1415",15,71,7,1,18,TRUE
"1416",16,71,7,1,18,TRUE
"1417",17,71,7,0,18,FALSE
"1418",18,71,5,0,18,FALSE
"1419",19,71,7,1,18,TRUE
"1420",20,71,6,1,18,TRUE
"1421",21,71,7,1,18,TRUE
"1422",22,71,6,1,18,TRUE
"1423",1,72,4,0,19,FALSE
"1424",2,72,4,0,19,FALSE
"1425",3,72,3,0,19,FALSE
"1426",4,72,4,0,19,FALSE
"1427",5,72,4,0,19,FALSE
"1428",6,72,4,0,19,FALSE
"1429",7,72,4,1,19,TRUE
"1430",8,72,4,1,19,TRUE
"1431",9,72,4,0,19,FALSE
"1432",10,72,4,0,19,FALSE
"1433",11,72,4,0,19,FALSE
"1434",12,72,4,0,19,FALSE
"1435",13,72,5,1,19,TRUE
"1436",14,72,5,0,19,FALSE
"1437",15,72,4,0,19,FALSE
"1438",16,72,3,0,19,FALSE
"1439",17,72,4,0,19,FALSE
"1440",18,72,5,0,19,FALSE
"1441",19,72,5,1,19,TRUE
"1442",20,72,6,0,19,FALSE
"1443",21,72,5,0,19,FALSE
"1444",1,73,7,1,14,TRUE
"1445",2,73,6,1,14,TRUE
"1446",3,73,7,1,14,TRUE
"1447",4,73,7,1,14,TRUE
"1448",5,73,4,0,14,FALSE
"1449",6,73,6,0,14,FALSE
"1450",7,73,4,0,14,FALSE
"1451",8,73,5,1,14,TRUE
"1452",9,73,5,1,14,TRUE
"1453",10,73,5,0,14,FALSE
"1454",11,73,6,1,14,TRUE
"1455",12,73,5,1,14,TRUE
"1456",13,73,5,0,14,FALSE
"1457",14,73,5,0,14,FALSE
"1458",15,73,5,0,14,FALSE
"1459",16,73,4,0,14,FALSE
"1460",17,73,5,0,14,FALSE
"1461",18,73,6,1,14,TRUE
"1462",19,73,5,1,14,TRUE
"1463",20,73,4,0,14,FALSE
"1464",1,74,7,1,17,TRUE
"1465",2,74,7,0,17,FALSE
"1466",3,74,6,1,17,TRUE
"1467",4,74,5,0,17,FALSE
"1468",5,74,5,0,17,FALSE
"1469",6,74,7,1,17,TRUE
"1470",7,74,5,0,17,FALSE
"1471",8,74,6,0,17,FALSE
"1472",9,74,5,0,17,FALSE
"1473",10,74,5,0,17,FALSE
"1474",11,74,4,0,17,FALSE
"1475",12,74,5,1,17,TRUE
"1476",13,74,5,1,17,TRUE
"1477",14,74,5,0,17,FALSE
"1478",15,74,7,1,17,TRUE
"1479",16,74,5,1,17,TRUE
"1480",17,74,6,0,17,FALSE
"1481",1,75,5,0,21,FALSE
"1482",2,75,6,1,21,TRUE
"1483",3,75,6,0,21,FALSE
"1484",4,75,7,1,21,TRUE
"1485",5,75,7,0,21,FALSE
"1486",6,75,5,0,21,FALSE
"1487",7,75,6,1,21,TRUE
"1488",8,75,5,0,21,FALSE
"1489",9,75,6,0,21,FALSE
"1490",10,75,5,0,21,FALSE
"1491",11,75,5,0,21,FALSE
"1492",12,75,6,0,21,FALSE
"1493",13,75,5,0,21,FALSE
"1494",14,75,5,0,21,FALSE
"1495",15,75,6,1,21,TRUE
"1496",16,75,7,1,21,TRUE
"1497",17,75,6,1,21,TRUE
"1498",1,76,5,0,16,FALSE
"1499",2,76,6,1,16,TRUE
"1500",3,76,4,0,16,FALSE
"1501",4,76,8,1,16,TRUE
"1502",5,76,6,1,16,TRUE
"1503",6,76,5,0,16,FALSE
"1504",7,76,5,0,16,FALSE
"1505",8,76,7,1,16,TRUE
"1506",9,76,7,1,16,TRUE
"1507",10,76,6,0,16,FALSE
"1508",11,76,5,0,16,FALSE
"1509",12,76,5,1,16,TRUE
"1510",13,76,6,0,16,FALSE
"1511",14,76,5,0,16,FALSE
"1512",15,76,4,0,16,FALSE
"1513",16,76,6,1,16,TRUE
"1514",17,76,6,1,16,TRUE
"1515",18,76,5,0,16,FALSE
"1516",1,77,4,0,3,FALSE
"1517",2,77,5,1,3,TRUE
"1518",3,77,4,1,3,TRUE
"1519",4,77,4,1,3,TRUE
"1520",5,77,4,1,3,TRUE
"1521",6,77,2,0,3,FALSE
"1522",7,77,5,1,3,TRUE
"1523",8,77,3,0,3,FALSE
"1524",9,77,5,1,3,TRUE
"1525",10,77,3,0,3,FALSE
"1526",11,77,3,0,3,FALSE
"1527",12,77,3,0,3,FALSE
"1528",13,77,4,0,3,FALSE
"1529",14,77,3,0,3,FALSE
"1530",15,77,4,0,3,FALSE
"1531",16,77,4,0,3,FALSE
"1532",17,77,4,1,3,TRUE
"1533",18,77,5,1,3,TRUE
"1534",19,77,4,0,3,FALSE
"1535",1,78,7,0,23,FALSE
"1536",2,78,8,1,23,TRUE
"1537",3,78,8,1,23,TRUE
"1538",4,78,6,0,23,FALSE
"1539",5,78,7,0,23,FALSE
"1540",6,78,7,1,23,TRUE
"1541",7,78,6,0,23,FALSE
"1542",8,78,7,1,23,TRUE
"1543",9,78,7,0,23,FALSE
"1544",10,78,6,0,23,FALSE
"1545",11,78,6,0,23,FALSE
"1546",12,78,8,0,23,FALSE
"1547",13,78,8,1,23,TRUE
"1548",14,78,7,1,23,TRUE
"1549",15,78,6,0,23,FALSE
"1550",16,78,5,0,23,FALSE
"1551",17,78,8,1,23,TRUE
"1552",18,78,7,1,23,TRUE
"1553",1,79,6,1,15,TRUE
"1554",2,79,5,0,15,FALSE
"1555",3,79,6,0,15,FALSE
"1556",4,79,5,0,15,FALSE
"1557",5,79,7,1,15,TRUE
"1558",6,79,5,0,15,FALSE
"1559",7,79,4,0,15,FALSE
"1560",8,79,4,0,15,FALSE
"1561",9,79,5,0,15,FALSE
"1562",10,79,5,1,15,TRUE
"1563",11,79,6,1,15,TRUE
"1564",12,79,4,1,15,TRUE
"1565",13,79,7,1,15,TRUE
"1566",14,79,5,0,15,FALSE
"1567",15,79,6,1,15,TRUE
"1568",16,79,5,0,15,FALSE
"1569",17,79,5,0,15,FALSE
"1570",18,79,4,0,15,FALSE
"1571",19,79,4,0,15,FALSE
"1572",20,79,5,0,15,FALSE
"1573",1,80,6,0,23,FALSE
"1574",2,80,7,1,23,TRUE
"1575",3,80,5,0,23,FALSE
"1576",4,80,7,1,23,TRUE
"1577",5,80,5,0,23,FALSE
"1578",6,80,7,0,23,FALSE
"1579",7,80,8,0,23,FALSE
"1580",8,80,5,1,23,TRUE
"1581",9,80,5,1,23,TRUE
"1582",10,80,6,0,23,FALSE
"1583",11,80,5,0,23,FALSE
"1584",12,80,6,0,23,FALSE
"1585",13,80,6,1,23,TRUE
"1586",14,80,6,1,23,TRUE
"1587",15,80,5,0,23,FALSE
"1588",16,80,7,0,23,FALSE
"1589",17,80,5,0,23,FALSE
"1590",18,80,4,1,23,TRUE
"1591",19,80,6,1,23,TRUE
"1592",20,80,5,1,23,TRUE
"1593",1,81,3,0,8,FALSE
"1594",2,81,4,0,8,FALSE
"1595",3,81,3,0,8,FALSE
"1596",4,81,4,1,8,TRUE
"1597",5,81,4,1,8,TRUE
"1598",6,81,4,1,8,TRUE
"1599",7,81,3,0,8,FALSE
"1600",8,81,4,1,8,TRUE
"1601",9,81,5,1,8,TRUE
"1602",10,81,3,0,8,FALSE
"1603",11,81,4,0,8,FALSE
"1604",12,81,4,1,8,TRUE
"1605",13,81,4,0,8,FALSE
"1606",14,81,4,1,8,TRUE
"1607",15,81,4,0,8,FALSE
"1608",16,81,3,0,8,FALSE
"1609",17,81,3,0,8,FALSE
"1610",18,81,4,1,8,TRUE
"1611",19,81,4,1,8,TRUE
"1612",20,81,3,0,8,FALSE
"1613",21,81,4,0,8,FALSE
"1614",1,82,5,1,8,TRUE
"1615",2,82,4,1,8,TRUE
"1616",3,82,4,0,8,FALSE
"1617",4,82,4,0,8,FALSE
"1618",5,82,5,1,8,TRUE
"1619",6,82,4,0,8,FALSE
"1620",7,82,5,1,8,TRUE
"1621",8,82,4,1,8,TRUE
"1622",9,82,4,0,8,FALSE
"1623",10,82,4,1,8,TRUE
"1624",11,82,4,0,8,FALSE
"1625",12,82,4,0,8,FALSE
"1626",13,82,5,0,8,FALSE
"1627",14,82,4,0,8,FALSE
"1628",15,82,4,1,8,TRUE
"1629",16,82,5,1,8,TRUE
"1630",17,82,6,1,8,TRUE
"1631",18,82,5,1,8,TRUE
"1632",19,82,5,0,8,FALSE
"1633",20,82,5,1,8,TRUE
"1634",21,82,5,1,8,TRUE
"1635",1,83,7,0,24,FALSE
"1636",2,83,7,0,24,FALSE
"1637",3,83,7,1,24,TRUE
"1638",4,83,7,1,24,TRUE
"1639",5,83,7,1,24,TRUE
"1640",6,83,6,0,24,FALSE
"1641",7,83,6,1,24,TRUE
"1642",8,83,7,1,24,TRUE
"1643",9,83,7,1,24,TRUE
"1644",10,83,7,0,24,FALSE
"1645",11,83,7,1,24,TRUE
"1646",12,83,7,1,24,TRUE
"1647",13,83,8,1,24,TRUE
"1648",14,83,8,1,24,TRUE
"1649",15,83,7,0,24,FALSE
"1650",16,83,9,1,24,TRUE
"1651",17,83,7,0,24,FALSE
"1652",18,83,7,0,24,FALSE
"1653",1,84,5,1,22,TRUE
"1654",2,84,5,0,22,FALSE
"1655",3,84,6,1,22,TRUE
"1656",4,84,6,1,22,TRUE
"1657",5,84,4,0,22,FALSE
"1658",6,84,4,0,22,FALSE
"1659",7,84,6,1,22,TRUE
"1660",8,84,5,0,22,FALSE
"1661",9,84,4,0,22,FALSE
"1662",10,84,5,1,22,TRUE
"1663",11,84,6,1,22,TRUE
"1664",12,84,6,0,22,FALSE
"1665",13,84,5,0,22,FALSE
"1666",14,84,4,0,22,FALSE
"1667",15,84,6,1,22,TRUE
"1668",16,84,5,1,22,TRUE
"1669",17,84,5,0,22,FALSE
"1670",18,84,4,1,22,TRUE
"1671",19,84,5,1,22,TRUE
"1672",20,84,5,1,22,TRUE
"1673",21,84,4,0,22,FALSE
"1674",1,85,6,0,16,FALSE
"1675",2,85,6,1,16,TRUE
"1676",3,85,6,0,16,FALSE
"1677",4,85,8,1,16,TRUE
"1678",5,85,6,1,16,TRUE
"1679",6,85,5,0,16,FALSE
"1680",7,85,7,1,16,TRUE
"1681",8,85,5,0,16,FALSE
"1682",9,85,7,1,16,TRUE
"1683",10,85,7,1,16,TRUE
"1684",11,85,7,0,16,FALSE
"1685",12,85,5,0,16,FALSE
"1686",13,85,7,1,16,TRUE
"1687",14,85,5,0,16,FALSE
"1688",15,85,5,0,16,FALSE
"1689",16,85,7,1,16,TRUE
"1690",17,85,5,0,16,FALSE
"1691",18,85,5,0,16,FALSE
"1692",19,85,7,1,16,TRUE
"1693",20,85,6,1,16,TRUE
"1694",21,85,6,0,16,FALSE
"1695",22,85,6,1,16,TRUE
"1696",1,86,4,0,4,FALSE
"1697",2,86,5,1,4,TRUE
"1698",3,86,3,0,4,FALSE
"1699",4,86,3,0,4,FALSE
"1700",5,86,4,1,4,TRUE
"1701",6,86,5,1,4,TRUE
"1702",7,86,5,1,4,TRUE
"1703",8,86,3,0,4,FALSE
"1704",9,86,4,0,4,FALSE
"1705",10,86,3,0,4,FALSE
"1706",11,86,4,0,4,FALSE
"1707",12,86,3,0,4,FALSE
"1708",13,86,4,1,4,TRUE
"1709",14,86,3,0,4,FALSE
"1710",15,86,4,1,4,TRUE
"1711",16,86,4,1,4,TRUE
"1712",17,86,4,1,4,TRUE
"1713",18,86,5,1,4,TRUE
"1714",19,86,3,0,4,FALSE
"1715",20,86,4,0,4,FALSE
"1716",21,86,3,0,4,FALSE
"1717",22,86,4,1,4,TRUE
"1718",1,87,4,0,2,FALSE
"1719",2,87,4,1,2,TRUE
"1720",3,87,4,1,2,TRUE
"1721",4,87,5,1,2,TRUE
"1722",5,87,5,1,2,TRUE
"1723",6,87,4,0,2,FALSE
"1724",7,87,4,1,2,TRUE
"1725",8,87,5,1,2,TRUE
"1726",9,87,4,0,2,FALSE
"1727",10,87,5,1,2,TRUE
"1728",11,87,3,0,2,FALSE
"1729",12,87,3,0,2,FALSE
"1730",13,87,4,1,2,TRUE
"1731",14,87,4,1,2,TRUE
"1732",15,87,5,1,2,TRUE
"1733",16,87,3,0,2,FALSE
"1734",17,87,4,0,2,FALSE
"1735",18,87,4,1,2,TRUE
"1736",19,87,3,0,2,FALSE
"1737",20,87,4,0,2,FALSE
"1738",21,87,5,1,2,TRUE
"1739",1,88,6,1,13,TRUE
"1740",2,88,5,0,13,FALSE
"1741",3,88,5,1,13,TRUE
"1742",4,88,6,1,13,TRUE
"1743",5,88,6,1,13,TRUE
"1744",6,88,6,1,13,TRUE
"1745",7,88,6,1,13,TRUE
"1746",8,88,3,0,13,FALSE
"1747",9,88,5,0,13,FALSE
"1748",10,88,5,0,13,FALSE
"1749",11,88,7,1,13,TRUE
"1750",12,88,6,1,13,TRUE
"1751",13,88,5,0,13,FALSE
"1752",14,88,5,0,13,FALSE
"1753",15,88,6,0,13,FALSE
"1754",16,88,6,1,13,TRUE
"1755",17,88,5,1,13,TRUE
"1756",18,88,4,0,13,FALSE
"1757",19,88,5,0,13,FALSE
"1758",20,88,5,1,13,TRUE
"1759",21,88,5,0,13,FALSE
"1760",22,88,5,0,13,FALSE
"1761",23,88,5,0,13,FALSE
"1762",1,89,6,1,13,TRUE
"1763",2,89,6,1,13,TRUE
"1764",3,89,6,1,13,TRUE
"1765",4,89,5,0,13,FALSE
"1766",5,89,6,1,13,TRUE
"1767",6,89,6,1,13,TRUE
"1768",7,89,7,1,13,TRUE
"1769",8,89,6,1,13,TRUE
"1770",9,89,6,0,13,FALSE
"1771",10,89,5,0,13,FALSE
"1772",11,89,6,1,13,TRUE
"1773",12,89,7,1,13,TRUE
"1774",13,89,6,0,13,FALSE
"1775",14,89,5,0,13,FALSE
"1776",15,89,5,0,13,FALSE
"1777",16,89,6,0,13,FALSE
"1778",17,89,7,1,13,TRUE
"1779",18,89,4,0,13,FALSE
"1780",1,90,6,1,3,TRUE
"1781",2,90,5,0,3,FALSE
"1782",3,90,4,0,3,FALSE
"1783",4,90,6,0,3,FALSE
"1784",5,90,5,1,3,TRUE
"1785",6,90,6,0,3,FALSE
"1786",7,90,7,1,3,TRUE
"1787",8,90,5,0,3,FALSE
"1788",9,90,6,1,3,TRUE
"1789",10,90,6,1,3,TRUE
"1790",11,90,5,0,3,FALSE
"1791",12,90,6,1,3,TRUE
"1792",13,90,6,1,3,TRUE
"1793",14,90,6,1,3,TRUE
"1794",15,90,6,1,3,TRUE
"1795",16,90,6,1,3,TRUE
"1796",17,90,5,1,3,TRUE
"1797",18,90,6,1,3,TRUE
"1798",19,90,5,0,3,FALSE
"1799",20,90,6,1,3,TRUE
"1800",21,90,6,1,3,TRUE
"1801",22,90,4,0,3,FALSE
"1802",23,90,4,0,3,FALSE
"1803",1,91,7,0,16,FALSE
"1804",2,91,9,1,16,TRUE
"1805",3,91,8,1,16,TRUE
"1806",4,91,5,0,16,FALSE
"1807",5,91,9,1,16,TRUE
"1808",6,91,6,0,16,FALSE
"1809",7,91,8,1,16,TRUE
"1810",8,91,7,0,16,FALSE
"1811",9,91,7,0,16,FALSE
"1812",10,91,6,0,16,FALSE
"1813",11,91,8,1,16,TRUE
"1814",12,91,8,1,16,TRUE
"1815",13,91,6,0,16,FALSE
"1816",14,91,9,1,16,TRUE
"1817",15,91,9,1,16,TRUE
"1818",16,91,7,0,16,FALSE
"1819",17,91,6,0,16,FALSE
"1820",18,91,8,1,16,TRUE
"1821",1,92,5,0,16,FALSE
"1822",2,92,4,0,16,FALSE
"1823",3,92,6,0,16,FALSE
"1824",4,92,4,0,16,FALSE
"1825",5,92,6,1,16,TRUE
"1826",6,92,6,1,16,TRUE
"1827",7,92,4,0,16,FALSE
"1828",8,92,4,0,16,FALSE
"1829",9,92,6,0,16,FALSE
"1830",10,92,3,0,16,FALSE
"1831",11,92,5,1,16,TRUE
"1832",12,92,4,0,16,FALSE
"1833",13,92,5,0,16,FALSE
"1834",14,92,5,1,16,TRUE
"1835",15,92,5,0,16,FALSE
"1836",16,92,4,0,16,FALSE
"1837",17,92,4,0,16,FALSE
"1838",1,93,5,1,10,TRUE
"1839",2,93,7,1,10,TRUE
"1840",3,93,6,1,10,TRUE
"1841",4,93,5,0,10,FALSE
"1842",5,93,5,0,10,FALSE
"1843",6,93,6,1,10,TRUE
"1844",7,93,5,0,10,FALSE
"1845",8,93,4,0,10,FALSE
"1846",9,93,5,0,10,FALSE
"1847",10,93,6,1,10,TRUE
"1848",11,93,5,0,10,FALSE
"1849",12,93,5,0,10,FALSE
"1850",13,93,5,0,10,FALSE
"1851",14,93,5,1,10,TRUE
"1852",15,93,6,1,10,TRUE
"1853",16,93,4,0,10,FALSE
"1854",17,93,7,1,10,TRUE
"1855",18,93,5,0,10,FALSE
"1856",19,93,5,0,10,FALSE
"1857",20,93,6,0,10,FALSE
"1858",1,94,5,0,21,FALSE
"1859",2,94,4,0,21,FALSE
"1860",3,94,6,1,21,TRUE
"1861",4,94,6,1,21,TRUE
"1862",5,94,5,0,21,FALSE
"1863",6,94,5,1,21,TRUE
"1864",7,94,6,1,21,TRUE
"1865",8,94,6,1,21,TRUE
"1866",9,94,6,1,21,TRUE
"1867",10,94,4,0,21,FALSE
"1868",11,94,5,0,21,FALSE
"1869",12,94,4,0,21,FALSE
"1870",13,94,6,1,21,TRUE
"1871",14,94,4,0,21,FALSE
"1872",15,94,5,0,21,FALSE
"1873",16,94,6,1,21,TRUE
"1874",1,95,5,0,15,FALSE
"1875",2,95,7,1,15,TRUE
"1876",3,95,5,0,15,FALSE
"1877",4,95,5,0,15,FALSE
"1878",5,95,6,0,15,FALSE
"1879",6,95,7,1,15,TRUE
"1880",7,95,6,0,15,FALSE
"1881",8,95,6,0,15,FALSE
"1882",9,95,6,1,15,TRUE
"1883",10,95,5,0,15,FALSE
"1884",11,95,5,0,15,FALSE
"1885",12,95,6,1,15,TRUE
"1886",13,95,6,1,15,TRUE
"1887",14,95,6,1,15,TRUE
"1888",15,95,6,1,15,TRUE
"1889",16,95,6,1,15,TRUE
"1890",17,95,8,1,15,TRUE
"1891",18,95,5,0,15,FALSE
"1892",19,95,5,0,15,FALSE
"1893",20,95,7,1,15,TRUE
"1894",21,95,5,0,15,FALSE
"1895",1,96,5,1,13,TRUE
"1896",2,96,5,1,13,TRUE
"1897",3,96,5,0,13,FALSE
"1898",4,96,5,0,13,FALSE
"1899",5,96,5,0,13,FALSE
"1900",6,96,5,1,13,TRUE
"1901",7,96,5,0,13,FALSE
"1902",8,96,4,0,13,FALSE
"1903",9,96,4,0,13,FALSE
"1904",10,96,5,1,13,TRUE
"1905",11,96,5,1,13,TRUE
"1906",12,96,4,1,13,TRUE
"1907",13,96,6,0,13,FALSE
"1908",14,96,4,0,13,FALSE
"1909",15,96,6,1,13,TRUE
"1910",16,96,5,1,13,TRUE
"1911",17,96,5,1,13,TRUE
"1912",18,96,5,0,13,FALSE
"1913",19,96,5,0,13,FALSE
"1914",20,96,5,0,13,FALSE
"1915",21,96,5,1,13,TRUE
"1916",1,97,4,1,9,TRUE
"1917",2,97,3,0,9,FALSE
"1918",3,97,5,0,9,FALSE
"1919",4,97,4,0,9,FALSE
"1920",5,97,4,0,9,FALSE
"1921",6,97,5,1,9,TRUE
"1922",7,97,5,1,9,TRUE
"1923",8,97,4,0,9,FALSE
"1924",9,97,5,1,9,TRUE
"1925",10,97,4,0,9,FALSE
"1926",11,97,3,0,9,FALSE
"1927",12,97,5,1,9,TRUE
"1928",13,97,3,0,9,FALSE
"1929",14,97,4,1,9,TRUE
"1930",15,97,3,0,9,FALSE
"1931",16,97,5,1,9,TRUE
"1932",17,97,4,0,9,FALSE
"1933",18,97,6,1,9,TRUE
"1934",19,97,5,1,9,TRUE
"1935",20,97,5,1,9,TRUE
"1936",21,97,4,0,9,FALSE
"1937",1,98,7,0,25,FALSE
"1938",2,98,8,1,25,TRUE
"1939",3,98,8,0,25,FALSE
"1940",4,98,8,1,25,TRUE
"1941",5,98,9,1,25,TRUE
"1942",6,98,8,1,25,TRUE
"1943",7,98,9,0,25,FALSE
"1944",8,98,7,1,25,TRUE
"1945",9,98,7,0,25,FALSE
"1946",10,98,8,0,25,FALSE
"1947",11,98,8,1,25,TRUE
"1948",12,98,9,1,25,TRUE
"1949",13,98,7,0,25,FALSE
"1950",14,98,8,1,25,TRUE
"1951",15,98,8,1,25,TRUE
"1952",16,98,9,0,25,FALSE
"1953",17,98,8,1,25,TRUE
"1954",18,98,7,1,25,TRUE
"1955",19,98,7,1,25,TRUE
"1956",20,98,7,1,25,TRUE
"1957",21,98,7,1,25,TRUE
"1958",1,99,6,0,21,FALSE
"1959",2,99,6,0,21,FALSE
"1960",3,99,6,0,21,FALSE
"1961",4,99,6,0,21,FALSE
"1962",5,99,7,1,21,TRUE
"1963",6,99,7,1,21,TRUE
"1964",7,99,5,0,21,FALSE
"1965",8,99,7,1,21,TRUE
"1966",9,99,7,1,21,TRUE
"1967",10,99,7,1,21,TRUE
"1968",11,99,5,0,21,FALSE
"1969",12,99,5,1,21,TRUE
"1970",13,99,6,0,21,FALSE
"1971",14,99,6,0,21,FALSE
"1972",15,99,7,1,21,TRUE
"1973",16,99,6,0,21,FALSE
"1974",17,99,6,0,21,FALSE
"1975",18,99,6,0,21,FALSE
"1976",19,99,7,1,21,TRUE
"1977",20,99,6,1,21,TRUE
"1978",21,99,5,0,21,FALSE
"1979",22,99,6,0,21,FALSE
"1980",23,99,5,0,21,FALSE
"1981",1,100,5,0,7,FALSE
"1982",2,100,4,0,7,FALSE
"1983",3,100,6,1,7,TRUE
"1984",4,100,4,0,7,FALSE
"1985",5,100,5,1,7,TRUE
"1986",6,100,7,1,7,TRUE
"1987",7,100,3,0,7,FALSE
"1988",8,100,5,0,7,FALSE
"1989",9,100,4,0,7,FALSE
"1990",10,100,4,0,7,FALSE
"1991",11,100,4,0,7,FALSE
"1992",12,100,6,1,7,TRUE
"1993",13,100,6,1,7,TRUE
"1994",14,100,6,1,7,TRUE
"1995",15,100,4,1,7,TRUE
"1996",16,100,5,1,7,TRUE
"1997",17,100,4,0,7,FALSE
"1998",18,100,6,1,7,TRUE
"1999",19,100,5,0,7,FALSE
"2000",20,100,5,0,7,FALSE
